{
    "hood.up": {
      "sounds": [
        "suit/hood_up"
      ],
      "category": "player"
    },
    "lightning.charge": {
      "sounds": [
        "suit/black_lightning_charge"
      ],
      "category": "player"
    },
    "lightning.fire": {
      "sounds": [
        "suit/black_lightning_fire"
      ],
      "category": "player"
    },
    "lightning.shield": {
      "sounds": [
        "suit/black_lightning_shield"
      ],
      "category": "player"
    },
    "lightning.grab": {
      "sounds": [
        "suit/black_lightning_grab"
      ],
      "category": "player"
    },
    "lightning.grab.loop": {
      "sounds": [
        "suit/black_lightning_grab_loop"
      ],
      "category": "player"
    },
    "lightning.grab.stop": {
      "sounds": [
        "suit/black_lightning_grab_stop"
      ],
      "category": "player"
    }
}